{"CaoThap":{"hash":"jsc","url":"https://res.go88new.com/assets/CaoThap"},"internal":{"hash":"jsc","url":"https://res.go88new.com/assets/internal"},"main":{"hash":"jsc","url":"https://res.go88new.com/assets/main"},"MiniPoker":{"hash":"jsc","url":"https://res.go88new.com/assets/MiniPoker"},"resources":{"hash":"jsc","url":"https://res.go88new.com/assets/resources"},"ShootFish":{"hash":"jsc","url":"https://res.go88new.com/assets/ShootFish"},"Slot3x3Gem":{"hash":"jsc","url":"https://res.go88new.com/assets/Slot3x3Gem"},"TaiXiuMD5":{"hash":"jsc","url":"https://res.go88new.com/assets/TaiXiuMD5"},"XocDia":{"hash":"jsc","url":"https://res.go88new.com/assets/XocDia"}}