{"BaCay":{"hash":"e3c93","url":"https://123zdo.com/assets/BaCay"},"BaiCao":{"hash":"690ab","url":"https://123zdo.com/assets/BaiCao"},"BauCua":{"hash":"862f0","url":"https://123zdo.com/assets/BauCua"},"CaoThap":{"hash":"jsc","url":"https://123zdo.com/assets/CaoThap"},"internal":{"hash":"jsc","url":"https://123zdo.com/assets/internal"},"Lieng":{"hash":"102c5","url":"https://123zdo.com/assets/Lieng"},"Loto":{"hash":"0c90c","url":"https://123zdo.com/assets/Loto"},"Lobby":{"hash":"68ea2","url":"https://123zdo.com/assets/Lobby"},"main":{"hash":"jsc","url":"https://123zdo.com/assets/main"},"MauBinh":{"hash":"de132","url":"https://123zdo.com/assets/MauBinh"},"MiniPoker":{"hash":"jsc","url":"https://123zdo.com/assets/MiniPoker"},"OanTuTi":{"hash":"848ae","url":"https://123zdo.com/assets/OanTuTi"},"Poker":{"hash":"46aa7","url":"https://123zdo.com/assets/Poker"},"resources":{"hash":"jsc","url":"https://123zdo.com/assets/resources"},"Sam":{"hash":"26940","url":"https://123zdo.com/assets/Sam"},"ShootFish":{"hash":"jsc","url":"https://123zdo.com/assets/ShootFish"},"Slot1":{"hash":"8e992","url":"https://123zdo.com/assets/Slot1"},"Slot10":{"hash":"070ae","url":"https://123zdo.com/assets/Slot10"},"Slot11Bikini":{"hash":"96c3f","url":"https://123zdo.com/assets/Slot11Bikini"},"Slot3":{"hash":"83a31","url":"https://123zdo.com/assets/Slot3"},"Slot3x3":{"hash":"44712","url":"https://123zdo.com/assets/Slot3x3"},"Slot3x3Gem":{"hash":"jsc","url":"https://123zdo.com/assets/Slot3x3Gem"},"Slot4":{"hash":"e8082","url":"https://123zdo.com/assets/Slot4"},"Slot6":{"hash":"78729","url":"https://123zdo.com/assets/Slot6"},"Slot7":{"hash":"5bab3","url":"https://123zdo.com/assets/Slot7"},"Slot8":{"hash":"c78e1","url":"https://123zdo.com/assets/Slot8"},"TaiXiuDouble":{"hash":"9dca0","url":"https://123zdo.com/assets/TaiXiuDouble"},"TaiXiuMD5":{"hash":"jsc","url":"https://123zdo.com/assets/TaiXiuMD5"},"TienLen":{"hash":"ccf97","url":"https://123zdo.com/assets/TienLen"},"TaiXiuSieuToc":{"hash":"aa1ad","url":"https://123zdo.com/assets/TaiXiuSieuToc"},"XocDia":{"hash":"jsc","url":"https://123zdo.com/assets/XocDia"}}